<?xml version="1.0" encoding="UTF-8"?>
<project-private xmlns="http://www.netbeans.org/ns/project-private/1">
    <editor-bookmarks xmlns="http://www.netbeans.org/ns/editor-bookmarks/2" lastBookmarkId="0"/>
    <open-files xmlns="http://www.netbeans.org/ns/projectui-open-files/2">
        <group>
            <file>file:/D:/PBO/parkreservation/src/parkreservation/LoginFrame.java</file>
            <file>file:/D:/PBO/parkreservation/src/parkreservation/ThankYouFrame.java</file>
            <file>file:/D:/PBO/parkreservation/src/parkreservation/Reservation.java</file>
            <file>file:/D:/PBO/parkreservation/src/parkreservation/CustomerDashboardFrame.java</file>
            <file>file:/D:/PBO/parkreservation/src/parkreservation/DatabaseConnection.java</file>
            <file>file:/D:/PBO/parkreservation/src/parkreservation/Booking.java</file>
            <file>file:/D:/PBO/parkreservation/src/parkreservation/MainMenu.java</file>
            <file>file:/D:/PBO/parkreservation/src/parkreservation/RegisterFrame.java</file>
            <file>file:/D:/PBO/parkreservation/src/parkreservation/Main.java</file>
            <file>file:/D:/PBO/parkreservation/src/parkreservation/Admin.java</file>
            <file>file:/D:/PBO/parkreservation/src/parkreservation/DashboardFrame.java</file>
            <file>file:/D:/PBO/parkreservation/src/parkreservation/BikeParkingSlot.java</file>
            <file>file:/D:/PBO/parkreservation/src/parkreservation/AdminDashboardFrame.java</file>
        </group>
    </open-files>
</project-private>
